{"mae": 4316246.0458306605, "r2": 0.7484313733190652}